category	qnum	len	stddev	median	mean
base	0.01	10	0.0015598165989058586	0.674957	0.6751484
base	0.05	10	0.0013527669134859178	0.6750995	0.6752141
base	0.1	10	0.0010160042705509684	0.6762715000000001	0.6763363
base	0.5	10	0.0011705727942621332	0.677312	0.676634
base	1.0	10	0.0012306361317988767	0.6750700000000001	0.6755758000000001
base	5.0	10	0.0010558079581270657	0.6748905000000001	0.674952
base	10.0	10	0.002276302860146492	0.675818	0.6762476
base	50.0	10	0.0010566069436329496	0.6761935000000001	0.6759653
base	75.0	10	0.0018703295283036114	0.675566	0.6757561
traceprov	0.01	10	0.004013687852558779	0.8321925	0.8334418
traceprov	0.05	10	0.0020406924206150243	0.8314155000000001	0.83124
traceprov	0.1	10	0.004787511588613779	0.8319215	0.8332331
traceprov	0.5	10	0.0026899405383762802	0.8299114999999999	0.8306831
traceprov	1.0	10	0.01462807815887727	0.830065	0.8279042
traceprov	5.0	10	0.005132047397373569	0.8319395	0.8332156
traceprov	10.0	10	0.002386285118477375	0.8297589999999999	0.831001
traceprov	50.0	10	0.003900358286961188	0.831553	0.8324408999999999
traceprov	75.0	10	0.008225360058988346	0.8309550000000001	0.8291491
traceprov (S + I)	0.01	10	0.001916656002868893	0.2970615	0.29725029999999997
traceprov (S + I)	0.05	10	0.003985717166750961	0.2970575	0.297987
traceprov (S + I)	0.1	10	0.004367352975328554	0.30697549999999996	0.3047223
traceprov (S + I)	0.5	10	0.004475704722908635	0.3599305	0.3619881
traceprov (S + I)	1.0	10	0.024224573102763054	0.417331	0.4234603
traceprov (S + I)	5.0	10	0.020060212125000088	0.4697945	0.4753175
traceprov (S + I)	10.0	10	0.025701385094754895	0.5089524999999999	0.5156556999999999
traceprov (S + I)	50.0	10	0.03283337113720329	0.67757	0.6952402999999999
traceprov (S + I)	75.0	10	0.03393209989179374	0.7761895	0.7856841999999999
traceprov (F + S + I)	0.01	10	0.004636200826107516	1.1294705	1.1306921
traceprov (F + S + I)	0.05	10	0.0047332583562137	1.1297855	1.129227
traceprov (F + S + I)	0.1	10	0.007135782417584676	1.137124	1.1379554
traceprov (F + S + I)	0.5	10	0.0065562768025085386	1.189839	1.1926712
traceprov (F + S + I)	1.0	10	0.026815906569919792	1.2497060000000002	1.2513645
traceprov (F + S + I)	5.0	10	0.021545754051681614	1.301547	1.3085331
traceprov (F + S + I)	10.0	10	0.02551562970699422	1.3403019999999999	1.3466567
traceprov (F + S + I)	50.0	10	0.03350409469768002	1.509739	1.5276812
traceprov (F + S + I)	75.0	10	0.029123043724667425	1.6080100000000002	1.6148333
$KEY00000001,True-duckdb	0.01	10	0.0004161263296430811	0.001933	0.0020787
$KEY00000001,True-duckdb	0.05	10	0.00040119454964725854	0.002184	0.0023578
$KEY00000001,True-duckdb	0.1	10	0.000732896081765121	0.0024980000000000002	0.002765
$KEY00000001,True-duckdb	0.5	10	0.00087700551119515	0.0046935	0.004993
$KEY00000001,True-duckdb	1.0	10	0.001181229284356861	0.0070095	0.0074898
$KEY00000001,True-duckdb	5.0	10	0.0025257757444221204	0.027230499999999998	0.028113
$KEY00000001,True-duckdb	10.0	10	0.00404467772236278	0.053319500000000006	0.0546301
$KEY00000001,True-duckdb	50.0	10	0.006344868933940941	0.2610965	0.2630663
$KEY00000001,True-duckdb	75.0	10	0.012241961191827975	0.41006549999999997	0.4116704
$KEY00000002,True-duckdb	0.01	10	0.0009077594456193287	0.002007	0.0023319
$KEY00000002,True-duckdb	0.05	10	0.0004212172308388577	0.0021945000000000003	0.0023518000000000002
$KEY00000002,True-duckdb	0.1	10	0.00037985295400545023	0.0024070000000000003	0.0025304
$KEY00000002,True-duckdb	0.5	10	0.0006713559744609744	0.004843500000000001	0.0050518
$KEY00000002,True-duckdb	1.0	10	0.0009073732785720918	0.0069335	0.0073064
$KEY00000002,True-duckdb	5.0	10	0.0020182822289153603	0.025437	0.0260146
$KEY00000002,True-duckdb	10.0	10	0.0023371436603017996	0.048170500000000005	0.0487626
$KEY00000002,True-duckdb	50.0	10	0.006186611261425761	0.2226245	0.2246437
$KEY00000002,True-duckdb	75.0	10	0.010952403113269508	0.3539405	0.3577002
$KEY00000004,True-duckdb	0.01	10	0.000397500817609222	0.0021135	0.0022323
$KEY00000004,True-duckdb	0.05	10	0.0004036164846319668	0.0022715	0.0024004
$KEY00000004,True-duckdb	0.1	10	0.0004443202173608079	0.0025325	0.0026973
$KEY00000004,True-duckdb	0.5	10	0.0007041945832730547	0.0048909999999999995	0.0051017
$KEY00000004,True-duckdb	1.0	10	0.00076310342971608	0.0071815	0.0074302
$KEY00000004,True-duckdb	5.0	10	0.0011404775266917312	0.0249635	0.0253209
$KEY00000004,True-duckdb	10.0	10	0.0021333329192707927	0.0470685	0.0478573
$KEY00000004,True-duckdb	50.0	10	0.005088821186352162	0.2076625	0.2087788
$KEY00000004,True-duckdb	75.0	10	0.0037617233063229594	0.34689349999999997	0.3486053
$KEY00000008,True-duckdb	0.01	10	0.0015619035394884879	0.0036755	0.004035
$KEY00000008,True-duckdb	0.05	10	0.00041567777317425957	0.0030355	0.0031497
$KEY00000008,True-duckdb	0.1	10	0.0004203366375762276	0.0032830000000000003	0.003381
$KEY00000008,True-duckdb	0.5	10	0.000583817475281825	0.0055899999999999995	0.0057422
$KEY00000008,True-duckdb	1.0	10	0.0007528329901851481	0.0085575	0.0087458
$KEY00000008,True-duckdb	5.0	10	0.001339623450410185	0.026765999999999998	0.0272529
$KEY00000008,True-duckdb	10.0	10	0.0015834689626120107	0.048212000000000005	0.0483868
$KEY00000008,True-duckdb	50.0	10	0.004284670739326936	0.21107	0.2126893
$KEY00000008,True-duckdb	75.0	10	0.006742500417336118	0.3394065	0.3414469
$KEY00000012,True-duckdb	0.01	10	0.0004805842393494724	0.003251	0.0033801
$KEY00000012,True-duckdb	0.05	10	0.0005041563249628037	0.0035269999999999998	0.0036724
$KEY00000012,True-duckdb	0.1	10	0.0011173455448815585	0.0036925	0.0040802
$KEY00000012,True-duckdb	0.5	10	0.0023358499975621528	0.008201	0.0084079
$KEY00000012,True-duckdb	1.0	10	0.0007567211507550191	0.0082975	0.0084707
$KEY00000012,True-duckdb	5.0	10	0.0013984024377044608	0.026592499999999998	0.0270584
$KEY00000012,True-duckdb	10.0	10	0.002726294002650647	0.047659999999999994	0.0483651
$KEY00000012,True-duckdb	50.0	10	0.003708428971051398	0.213734	0.2144659
$KEY00000012,True-duckdb	75.0	10	0.009614734503181383	0.332488	0.3345833
$KEY00000001,False-duckdb	0.01	10	0.0003470929430442387	0.0019405	0.0020642
$KEY00000001,False-duckdb	0.05	10	0.00040433936516523126	0.002197	0.0023561
$KEY00000001,False-duckdb	0.1	10	0.0003949438778695863	0.002401	0.00253
$KEY00000001,False-duckdb	0.5	10	0.0007804579923210331	0.0046040000000000005	0.0048937
$KEY00000001,False-duckdb	1.0	10	0.0011144067131089177	0.007648500000000001	0.0080651
$KEY00000001,False-duckdb	5.0	10	0.002263047954517192	0.027810500000000002	0.028685600000000002
$KEY00000001,False-duckdb	10.0	10	0.0030096353802781866	0.056109	0.0565563
$KEY00000001,False-duckdb	50.0	10	0.005893096314992464	0.26435200000000003	0.2661132
$KEY00000001,False-duckdb	75.0	10	0.010587542157859122	0.412666	0.4150015
$KEY00000002,False-duckdb	0.01	10	0.0004577330735993049	0.0019494999999999998	0.0021133
$KEY00000002,False-duckdb	0.05	10	0.0009979491414340155	0.002275	0.0026984
$KEY00000002,False-duckdb	0.1	10	0.000988176328170006	0.002439	0.0030082999999999998
$KEY00000002,False-duckdb	0.5	10	0.0011999946712844649	0.0054824999999999995	0.0059399
$KEY00000002,False-duckdb	1.0	10	0.0006795073378722426	0.006854	0.007077
$KEY00000002,False-duckdb	5.0	10	0.001966275678648455	0.025086499999999998	0.0256834
$KEY00000002,False-duckdb	10.0	10	0.003101782003945474	0.047691	0.0487516
$KEY00000002,False-duckdb	50.0	10	0.0038647720300742793	0.2306125	0.23148380000000002
$KEY00000002,False-duckdb	75.0	10	0.006282923365051583	0.362249	0.3641027
$KEY00000004,False-duckdb	0.01	10	0.0003456542267128299	0.002075	0.0022022
$KEY00000004,False-duckdb	0.05	10	0.0004804280036245459	0.002306	0.0024618
$KEY00000004,False-duckdb	0.1	10	0.00037630962429006953	0.002526	0.0026434
$KEY00000004,False-duckdb	0.5	10	0.0005498814114576585	0.004746	0.0049442999999999996
$KEY00000004,False-duckdb	1.0	10	0.0005656803573279405	0.007267	0.0074383999999999995
$KEY00000004,False-duckdb	5.0	10	0.0011912207370779126	0.0237245	0.0240942
$KEY00000004,False-duckdb	10.0	10	0.0030445701466344593	0.0451275	0.0464844
$KEY00000004,False-duckdb	50.0	10	0.004180631212309131	0.213697	0.214835
$KEY00000004,False-duckdb	75.0	10	0.006579068238655756	0.3454025	0.34507
$KEY00000008,False-duckdb	0.01	10	0.0008570443006830704	0.0028315	0.0031926
$KEY00000008,False-duckdb	0.05	10	0.0033667110376614014	0.0034955000000000003	0.0048361
$KEY00000008,False-duckdb	0.1	10	0.0004481731312289431	0.003274	0.0034134
$KEY00000008,False-duckdb	0.5	10	0.0005294138897560838	0.005495	0.0056882
$KEY00000008,False-duckdb	1.0	10	0.0005446753977268376	0.0082735	0.0084282
$KEY00000008,False-duckdb	5.0	10	0.005078869984772422	0.027277	0.0295379
$KEY00000008,False-duckdb	10.0	10	0.0017512700026615594	0.045833	0.0463028
$KEY00000008,False-duckdb	50.0	10	0.0022548341771994394	0.2148875	0.2153205
$KEY00000008,False-duckdb	75.0	10	0.005409949189533424	0.340511	0.34060630000000003
$KEY00000012,False-duckdb	0.01	10	0.0014810687920102383	0.0032255	0.0036871
$KEY00000012,False-duckdb	0.05	10	0.004693406348863857	0.00429	0.006662400000000001
$KEY00000012,False-duckdb	0.1	10	0.0005028828999987087	0.0036785	0.0038111
$KEY00000012,False-duckdb	0.5	10	0.0070401019571215495	0.006144999999999999	0.0092003
$KEY00000012,False-duckdb	1.0	10	0.0010959343857082765	0.008463	0.0089278
$KEY00000012,False-duckdb	5.0	10	0.00340820897246633	0.027334499999999998	0.0283668
$KEY00000012,False-duckdb	10.0	10	0.002335066520584704	0.046042	0.0469591
$KEY00000012,False-duckdb	50.0	10	0.0035556794146829377	0.2133085	0.2141189
$KEY00000012,False-duckdb	75.0	10	0.005168210969206097	0.34152899999999997	0.3420858
traceprov_legacy (S + I)	0.01	10	0.0007912902894780292	0.0485965	0.0489401
traceprov_legacy (S + I)	0.05	10	0.009628570566577137	0.049613	0.0523816
traceprov_legacy (S + I)	0.1	10	0.0012388356047335549	0.0553345	0.0556979
traceprov_legacy (S + I)	0.5	10	0.007085282120157404	0.1436695	0.1466095
traceprov_legacy (S + I)	1.0	10	0.01028658537719015	0.200242	0.2031685
traceprov_legacy (S + I)	5.0	10	0.0025935889012888924	0.2612885	0.2613425
traceprov_legacy (S + I)	10.0	10	0.003914092521475028	0.299568	0.2983806
traceprov_legacy (S + I)	50.0	10	0.005238356299663301	0.43730250000000004	0.4356485
traceprov_legacy (S + I)	75.0	10	0.007406066990425261	0.515331	0.5152874