param	query	baseline_median	baseline_variance	trace_median	trace_variance	infer_median	infer_variance	trace_and_infer_median	trace_and_infer_variance	trace_and_infer_and_material_median	trace_and_infer_and_material_variance	num_records_median	num_records_variance	trace_and_infer_slowdown_median	trace_and_infer_slowdown_variance	trace_and_infer_and_materialize_slowdown_median	trace_and_infer_and_materialize_slowdown_variance	gprom_join_median	gprom_join_variance	gprom_num_records_median	gprom_num_records_variance
all	1	54.039524286001324	467.98172587154664	51.366229029999886	318.5694454572699	2.208	0.0012775242937853094	53.584729029999885	319.35545068843277	74.10871137650065	331.5077867527349	59160854.5	46686053513.78531	1.0215837658332951	0.9809047086987128	1.3888567692265026	1.354824087248494	69.80889461000015	33.49216674500751	59142609.0	0
all	2	4.016246067498287	0.001646956797839483	0.43097555699932855	6.748546356645808e-05	0.0	1.7514124293785311e-07	0.43097555699932855	6.900985302422491e-05	0.5041739494981812	7.999119196413903e-05	4903.0	2403.64406779661	0.10725541550608508	0.10585610306442862	0.12555432776201778	0.12387752726842756	None	None	None	None
all	3	10.737223922500561	9.506957235548551	10.830767248004122	9.596382347159734	0.003	8.638305084745762e-05	10.843685152501465	9.602806474325808	10.941927123496498	9.657453681825233	69.5	1.3559322033898304	1.0145879003382683	1.0050316716611423	1.0252227836547867	1.0132789677533875	None	None	None	None
all	4	5.243084710002222	2.37273586143951	5.792835982498218	2.83244150768388	0.033	0.0002737228813559322	5.834853355499275	2.839879255268027	6.2331777660001535	2.8858009588828493	1052282.0	24810298.8700565	1.121612601758967	1.0843977531936315	1.1952726158769096	1.1592832273640914	None	None	None	None
all	5	9.203252054001496	5.861539649956799	9.114593256001172	5.7607705244161345	0.006	0.00015228361581920904	9.12109325600117	5.76982485206535	9.26123674900009	5.8350322895961595	73043.0	158605.33898305084	1.0018220296619527	0.9656150676340021	1.0198898420970015	0.9807013559471254	18.25222577149998	0.031121742106112012	72985.0	0
all	6	9.59406233700065	8.30466456898083	9.484041175001039	8.095930421292444	0.0645	0.00022401242937853107	9.545513602998748	8.131594021449008	9.994253478998871	8.175318170096947	1191046.5	597016379.4632769	0.9983951232286441	0.9861411374963663	1.0451973364326024	1.0319737454632665	9.942718352999691	0.008214077778824559	1139264.0	0
all	7	15.525982813500377	21.80043230745663	16.22788916650279	24.071635707882606	0.003	8.98406779661017e-05	16.23088916650279	24.082704269221463	16.34143453700017	24.19779955692815	58325.5	144262.17514124294	1.039063335177784	1.0284345528146497	1.052425849016197	1.040965310942719	30.220928470999752	0.10138609528397934	58365.0	0
all	8	4.725061634000667	1.5224794755295836	4.618455789503059	1.4461942361802211	0.002	1.522598870056497e-07	4.620455789503059	1.445524673587734	4.735004238000329	1.474786588896427	24500.0	50142.627118644064	0.9758400556269285	0.9588587774105913	1.003310850628333	0.980287888886325	8.748322570999335	0.011187439801561365	24254.0	0
all	9	26.177456835999692	41.98509599100729	26.887463988501622	43.64823569394567	0.5634999999999999	0.0009432531073446318	27.45621999099867	43.985721761685504	28.841070845501235	44.05432867144309	3260622.0	82692915.73446327	1.0474371999972303	1.0395074060737122	1.0995508095828268	1.0922699318799687	65.16946663500039	0.25265682349892676	3261613.0	0
all	10	7.926710324994929	2.5168657817921285	8.411566433998814	2.844761409290604	0.012	3.0632768361581925e-06	8.425066433998815	2.841279620177679	8.483082196002215	2.826826166630217	320.0	30.98870056497175	1.0679289324365806	1.052404672526011	1.0790503515095915	1.0600750946074102	None	None	None	None
all	11	1.5686144365008658	0.0005039501984296732	1.748318398498668	0.0005141026330259758	0.03	8.641242937853105e-07	1.7790354649978835	0.0005199544324235765	2.0162885800054937	0.0006295678782938877	331406.0	6955139.802259887	1.1318358846522147	1.1215272879734453	1.285528310999303	1.2728460773013799	None	None	None	None
all	12	12.782099787500556	14.731554254251717	12.64731715149901	14.431964531536153	0.012	0.0002323005649717514	12.665942172999014	14.45280104759379	12.87156728699847	14.558157592316318	312371.0	728103.3898305085	0.9925402408270032	0.9769156506658108	1.013066978216677	0.9955599501661895	16.0485072904994	0.001210013487317565	310803.0	0
all	13	20.36215347449979	0.16091913482360548	25.29611053299959	0.15368702790430425	3.769	0.016287783898305083	29.105607550998247	0.17731921299148257	33.41020998300155	0.18427349480639674	15338129.5	387995.39548022597	1.4290850429116957	1.4196200943468162	1.6452148268038211	1.6349711460457572	None	None	None	None
all	14	2.9382943929995236	0.0010132580249083136	2.9726712295014295	0.0013353969923477693	0.033	1.3175141242937867e-06	3.006292393500538	0.0013335431027190802	3.3059569364995696	0.0014796304774054958	772777.0	82179620.56497175	1.0250895828414626	1.013796191296491	1.1266129139309093	1.1146539762339256	6.26729376899857	0.0015271416173729766	749223.0	0
all	17	13.16596404449956	0.082061431738119	0.6273062889995344	0.004832838949888314	0.002	2.0649717514124295e-07	0.6293062889995344	0.004830350621961177	0.7786016444952111	0.004826866450495146	61927.5	2197551.186440678	0.04769726273408868	0.04671251680655958	0.05907069800731399	0.05804990229598107	None	None	None	None
all	19	0.4594647635021829	8.649656045490722e-05	0.462940825997066	0.00010078592068772817	0.0	3.2768361581920904e-08	0.462940825997066	0.00010089826359730506	0.5306240414993226	0.00011454654885133863	1173.5	463.3050847457627	1.0097247966924536	0.9962792852748035	1.1534854012292444	1.1379495946569445	0.8273940135022713	0.00013028548226221226	1134.0	0
all	2NL	3.774498766502802	0.0004941805244820886	0.4246456209984899	5.9113928588078644e-06	None	None	0.4246456209984899	5.9113928588078644e-06	0.49915319999854546	2.611403460787074e-05	11018.0	0	0.11258162639551905	0.11232031779092061	0.13265609234485592	0.1321796244537847	None	None	None	None
all	3NL	2.6212408489991503	0.00016240330391400023	2.825853381997149	0.0006054781299203026	None	None	2.825853381997149	0.0006054781299203026	3.0302983929941547	0.0006443251553635028	302114.0	0	1.0801941663251786	1.0770058457199216	1.1584468925257227	1.1520888767937287	None	None	None	None
all	10NL	6.964763960499113	0.0009492708410802693	7.877613778000523	0.0006681614150975241	None	None	7.877613778000523	0.0006681614150975241	8.522867649000545	0.0007710594794919833	1147084.0	0	1.1297481431602625	1.1272151466891507	1.2216936863486627	1.217874168506309	773.6087818705	674.1320763221341	1147084.0	0
params_default	1	54.93953432550188	1.5810413163705717	49.91340553299597	12.130027230613278	2.219	0.0008056555555555544	52.13240553299596	12.108139785672785	74.34583346249929	12.613680057938907	59142609.0	0	0.9615783147735918	0.9303390511493914	1.3596288100701908	1.3406892425941652	69.80889461000015	33.49216674500751	59142609.0	0
params_default	2	4.022362207502738	0.0007310746589094479	0.4286089899978833	4.5922623064057825e-05	0.0	4.0000000000000003e-07	0.4286089899978833	4.898321644094083e-05	0.5006866449984955	6.5494042931919e-05	4802.0	0	0.10662609141659993	0.10494905708331986	0.12444374090816247	0.12355269632999522	None	None	None	None
params_default	3	10.79634116500165	0.04345178722962815	10.916074864500843	0.018960785489551473	0.003	1.777777777777778e-07	10.919074864500843	0.01892759203977388	11.016198665496631	0.01868861396523211	68.0	0	1.0141364505716366	1.007280342841995	1.02153718057088	1.014766492407814	None	None	None	None
params_default	4	5.391109828997287	0.023369900915227757	5.843142056997749	0.009462385389045662	0.0535	0.0003337333333333334	5.907642056997749	0.009048360553534125	6.303614211497916	0.009806093865364518	1052080.0	0	1.1023385815378952	1.0647866144902387	1.1805595014176822	1.1398651256196004	None	None	None	None
params_default	5	9.559973795003316	0.10365866869708786	9.406182699498459	0.06758357408945664	0.006	0.0002624	9.430682699498458	0.06655243765206946	9.539617419002752	0.06645851550883868	72985.0	0	1.0077231232274089	0.9579275209958715	1.0206950688286622	0.9669692004665313	18.25222577149998	0.031121742106112012	72985.0	0
params_default	6	9.691192129499541	0.039197651450710816	9.620382834000338	0.017233600495157406	0.067	0.0001542333333333333	9.683382834000337	0.017552687807993298	10.108564135000051	0.014943576365291084	1139264.0	0	1.005696446086659	0.9994394739301505	1.0489725060257813	1.0421868569602406	9.942718352999691	0.008214077778824559	1139264.0	0
params_default	7	15.676141801002814	0.05387721808835799	16.442922397498478	0.061445106897824855	0.003	4.9000000000000005e-06	16.445922397498478	0.061810902370760326	16.585484129998804	0.059954896893266656	58365.0	0	1.0461649878675203	1.0310421530414804	1.0536269830278364	1.0399665729703185	30.220928470999752	0.10138609528397934	58365.0	0
params_default	8	4.800051875998179	0.010143429748776609	4.669742264497472	0.02807162646690028	0.002	1.0000000000000001e-07	4.671742264497472	0.028024552621833693	4.781002433999674	0.025900924606290267	24254.0	0	0.9703903747287352	0.9638165414803521	0.9941404195178982	0.992165936559234	8.748322570999335	0.011187439801561365	24254.0	0
params_default	9	26.347679445501853	0.020520217341430315	26.896575173501333	0.031493980613602764	0.562	0.00022734444444444366	27.47207517350133	0.030489860567757654	28.868597136999597	0.03128524887978449	3261613.0	0	1.0392795948698512	1.0370304510574913	1.0913682493999564	1.0905301617226226	65.16946663500039	0.25265682349892676	3261613.0	0
params_default	10	7.953276247000758	0.00948449151246322	8.395860098997218	0.011104382687597824	0.012	2.2333333333333333e-06	8.409360098997219	0.011211233146239764	8.466804661002243	0.011626158852375034	330.0	0	1.057677718972474	1.0501264418108984	1.065268121505286	1.0571765921312257	None	None	None	None
params_default	11	1.5869346095023502	0.0002772232730126458	1.7636492285018903	0.00011762469023463736	0.0305	7.222222222222224e-07	1.7936492285018903	0.00010760218078893015	2.0359619534974627	0.0002571970594871606	336162.0	0	1.1264791105363927	1.1187331338849278	1.2834168450115238	1.2683168390511528	None	None	None	None
params_default	12	12.839513144503144	0.07250799953564173	12.68558850050249	0.04029286255811739	0.012	0.00032	12.69658850050249	0.03984544237963104	12.914213062500494	0.04151913040622663	310803.0	0	0.986231112532837	0.970610745587394	1.000011436551668	0.9878940153420868	16.0485072904994	0.001210013487317565	310803.0	0
params_default	13	20.659192584000266	0.006641890015584148	25.489437059997726	0.0022286400347097256	3.7859999999999996	0.027264233333333315	29.252111063997027	0.03393377844880506	33.70682833999672	0.010193887567804876	15337604.0	0	1.422495891855002	1.417565953391738	1.633163164863562	1.6299898814737523	None	None	None	None
params_default	14	2.943533435998688	0.0004785065487561397	2.97400481349905	0.001043997591525722	0.033	9.000000000000015e-07	3.00650481349905	0.0010113407512785419	3.2972020939996582	0.001080156180802391	749223.0	0	1.0249716312774761	1.014942974457214	1.1240992425024245	1.1132935706669949	6.26729376899857	0.0015271416173729766	749223.0	0
params_default	17	13.453375191500527	0.0020660441485684427	0.6302245019978727	3.852925153012396e-05	0.002	1.777777777777778e-07	0.6322934914982761	4.025417001975554e-05	0.7851522359960654	4.490358129067112e-05	64034.0	0	0.046951665019343725	0.04681073674516437	0.05826891995136839	0.05810571711637742	None	None	None	None
params_default	19	0.4628311160013254	8.8649052051907e-05	0.46662121699773706	6.000883831775606e-06	0.0	1.0000000000000001e-07	0.46662121699773706	5.170180520541876e-06	0.5322935029980727	4.305002660725534e-05	1134.0	0	1.0052513159119192	0.9962319296424313	1.147138610484551	1.1364532828602283	0.8273940135022713	0.00013028548226221226	1134.0	0
params_default	2NL	3.774498766502802	0.0004941805244820886	0.4246456209984899	5.9113928588078644e-06	None	None	0.4246456209984899	5.9113928588078644e-06	0.49915319999854546	2.611403460787074e-05	11018.0	0	0.11258162639551905	0.11232031779092061	0.13265609234485592	0.1321796244537847	None	None	None	None
params_default	3NL	2.6212408489991503	0.00016240330391400023	2.825853381997149	0.0006054781299203026	None	None	2.825853381997149	0.0006054781299203026	3.0302983929941547	0.0006443251553635028	302114.0	0	1.0801941663251786	1.0770058457199216	1.1584468925257227	1.1520888767937287	None	None	None	None
params_default	10NL	6.964763960499113	0.0009492708410802693	7.877613778000523	0.0006681614150975241	None	None	7.877613778000523	0.0006681614150975241	8.522867649000545	0.0007710594794919833	1147084.0	0	1.1297481431602625	1.1272151466891507	1.2216936863486627	1.217874168506309	773.6087818705	674.1320763221341	1147084.0	0
params_1	1	9.100413601000582	0.0031632038284082676	10.005141845999788	0.01031727278726381	2.169	3.648888888888936e-05	12.174641845999787	0.010751832294105644	31.833309089999602	0.3100549304318908	59104965.0	0	1.3376484305134064	1.3314439444022157	3.5032708932951593	3.4819806533816458	None	None	None	None
params_1	2	4.0281987654998375	0.002009962269387202	0.43179019350009185	0.00010236840504817327	0.0	1.0000000000000001e-07	0.43179019350009185	0.00010478690569260202	0.504859960500653	0.00011085241149314846	4922.0	0	0.10645048566759183	0.10571186274677077	0.12495887852752638	0.12341271639753454	None	None	None	None
params_1	3	2.611481415500748	0.0012265070191611516	2.6784533489999376	0.00043944741789958314	0.004	2.6666666666666667e-07	2.6824533489999376	0.00043533719794428216	2.7511994415008303	0.00038205868760400163	69.0	0	1.033533678259186	1.0140976575609524	1.0585037857937856	1.0390879926820569	None	None	None	None
params_1	4	1.2030390930003705	0.00029013399628149565	1.3587332490005792	0.0004909371065814184	0.034	7.666666666666651e-07	1.3922332490005793	0.000507478993536606	1.7582501790002425	0.0005506007267958465	1053142.0	0	1.1530262850307218	1.140686477275786	1.4585474669972052	1.4391680903294741	None	None	None	None
params_1	5	2.8937030654997216	0.000986000120965752	2.927385015999789	0.0009312147240110053	0.0075	2.777777777777778e-07	2.935385015999789	0.0009334561087885867	3.030471439999019	0.0009394737033325247	73101.0	0	1.0176256285358534	1.0103693222340204	1.0502739394279343	1.0424702766310419	None	None	None	None
params_1	6	1.9575916454996332	0.0017982493699676679	1.9904486540008293	0.0009692016247355796	0.0445	1.6000000000000029e-06	2.0349486540008295	0.000950820446602369	2.4527349210002285	0.0009890895471242201	1192317.0	0	1.0407608666994053	1.0172816106785252	1.2551511205817025	1.2243735502210695	None	None	None	None
params_1	7	3.193987898999694	0.0010591416273099642	3.267310207499577	0.0012913940282283489	0.004	2.3333333333333333e-07	3.271810207499577	0.0012861321789395183	3.364449920500192	0.001309135555002558	58342.0	0	1.0206987604887654	1.0117750728910373	1.0489216634653495	1.0419316476156255	None	None	None	None
params_1	8	1.5120754630006559	0.000572915185375114	1.5089814700004354	0.0001921195059093052	0.003	1.777777777777778e-07	1.5119814700004353	0.00019550897626480207	1.5905881950011462	0.00018575845447253695	24345.0	0	1.0016912630102466	0.9939821071531167	1.0533701926897705	1.0452563959588301	None	None	None	None
params_1	9	8.886706014000083	0.004803570378982053	9.168239082000582	0.003339156958905833	0.5035000000000001	8.93333333333335e-06	9.672239082000583	0.0033995651130843837	11.015022219999992	0.0034499900931548046	3256237.0	0	1.0866158539933983	1.0856201793873546	1.2387906727731275	1.2367686471197175	None	None	None	None
params_1	10	3.744269576500301	0.001277234760131851	3.9999060390000523	0.0009613738443012156	0.015	3.222222222222221e-07	4.014906039000052	0.0009408319476789606	4.084241984000073	0.001072633384991378	321.0	0	1.0722612982315272	1.064794136308103	1.090215326314643	1.082808901918884	None	None	None	None
params_1	11	1.5821757050007363	0.0001331648775303273	1.7395195340004648	0.0005779132850029232	0.03	1.1555555555555564e-06	1.7695195340004648	0.000592090461579708	2.013541694000196	0.0006777563238676973	334798.0	0	1.1236221757655722	1.1152019734664962	1.278567403219143	1.2669204523135673	None	None	None	None
params_1	12	2.6328928809998615	0.0013720407239392193	2.6246303039997656	0.00010664666975412608	0.015	3.9999999999999977e-07	2.6391303039997656	0.00010708793979860129	2.8025120479996986	0.00018602299707801836	312517.0	0	1.0014463182510054	0.9920798186698387	1.063977484982542	1.0535340679344904	None	None	None	None
params_1	13	19.721945240999958	0.024727844559160505	24.631157552999866	0.017292897485225833	3.7575000000000003	0.015417611111111104	28.36519263000042	0.05372411356769149	32.823135546999765	0.05463425786101836	15338834.0	0	1.435508406401481	1.4298794605668643	1.6562249561816809	1.6513472286519404	None	None	None	None
params_1	14	2.94486400149799	0.0010152633011360995	2.980789122000715	0.0006720832348054957	0.033	7.666666666666681e-07	3.013789122000715	0.0006618449280273357	3.3075792394993186	0.0007468681737996632	773530.0	0	1.018960299380153	1.012200545818387	1.1217963255210868	1.1123660174005074	None	None	None	None
params_1	17	12.795690562499658	0.008003412551581879	0.6286859069987258	7.323557471995507e-05	0.002	1.0000000000000001e-07	0.6306859069987258	7.701974187609333e-05	0.7784435089979524	9.687832495977072e-05	61175.0	0	0.04937495661598122	0.04868613208366293	0.0609426279660779	0.06035356161942638	None	None	None	None
params_1	19	0.4496103914989362	3.443770922754192e-05	0.4511117185011244	1.2314705675201131e-05	0.0	0.0	0.4511117185011244	1.2314705675201131e-05	0.5178996065023966	1.977196845173782e-05	1139.0	0	1.0013366871778648	0.9947037519329578	1.15033393977179	1.1390701526543217	None	None	None	None
params_2	1	9.190648506999423	0.004412118528559895	51.70057699750214	411.5209233183883	2.202	0.0012964888888888902	53.945576997502144	412.66465815566755	73.66183477000232	409.6487852846942	59530099.0	0	5.9040172064452	1.8831302286287768	8.065438111878091	4.046296273536926	None	None	None	None
params_2	2	4.014280733499618	0.0007326995327702452	0.43236568400061515	1.4874774030431059e-05	0.0	1.0000000000000001e-07	0.43236568400061515	1.5817630985515e-05	0.5076989604986011	1.892113926078735e-05	4877.0	0	0.10755374035461582	0.10674111432112637	0.1263284900392891	0.12523858382816108	None	None	None	None
params_2	3	10.66700184850015	0.05857374102736405	10.727281642501111	0.02468349617410768	0.003	0.0	10.730281642501112	0.02468349617410768	10.835169731501082	0.024959603414108217	67.0	0	1.0030555467380404	0.9791677893844579	1.011540965550648	0.9866444088647465	None	None	None	None
params_2	4	5.157591961000435	0.02103152210712339	5.83588779099955	0.013917102062341471	0.02	0.00013432222222222224	5.85538779099955	0.014862196478164806	6.276510931000303	0.013508614745333906	1039300.0	0	1.140204619675922	1.1128945706840465	1.2177861147631304	1.187044480179094	None	None	None	None
params_2	5	9.028341449999061	0.07476660757268552	9.282794796501548	0.1398384524000507	0.006	4.334444444444444e-05	9.299294796501549	0.1404607183459698	9.429143449002368	0.13802398116081696	73289.0	0	1.034976111600358	0.9783138750285776	1.0506573812583087	0.9948636208780337	None	None	None	None
params_2	6	9.650593192998713	0.04890285958339484	9.500832101501146	0.024631819111954993	0.067	0.00011804444444444445	9.575332101501147	0.024920796623884234	9.998386544499226	0.026229589900609935	1195698.0	0	0.9972391107307905	0.989948048418356	1.0409369747778976	1.0335465596544402	None	None	None	None
params_2	7	15.495198102998984	0.03998266470240854	16.142402120500265	0.012446551309037539	0.003	7.733333333333333e-05	16.145402120500265	0.012009978894364606	16.26454380550058	0.01280464540626835	58166.0	0	1.0426911967670396	1.0353465094106638	1.0494687742140878	1.0417468024170902	None	None	None	None
params_2	8	4.801522044497688	0.03789120818342015	4.535958603999461	0.04145375656199964	0.002	1.0000000000000001e-07	4.5384586039994605	0.041434590626310795	4.633252268999058	0.038411135046282394	24655.0	0	0.9490458329679352	0.9343517206332776	0.9738102129124727	0.9551957895754033	None	None	None	None
params_2	9	26.21536769799968	0.04999162172140585	27.08177256849922	0.03984428371622766	0.5765	0.00016027777777777706	27.66077256849922	0.040106489634681594	29.040275011999256	0.046373893752204055	3259631.0	0	1.0538526587953054	1.0521737910613975	1.10517826456315	1.1025802247228143	None	None	None	None
params_2	10	7.871293079000679	0.057436693209166216	8.440455589501653	0.027189337983369945	0.011	1.511111111111112e-06	8.452955589501652	0.027214323243903615	8.50675019600203	0.027480519405807265	326.0	0	1.0681756193380956	1.0432091159254981	1.0750610029272047	1.0498353858587741	None	None	None	None
params_2	11	1.5436260165006388	0.0001988537437356814	1.7232851784992818	0.0004528841285334551	0.03	5.444444444444434e-07	1.7532851784992818	0.0004695531917776066	1.9928217599990603	0.0005174907512739	328417.0	0	1.1335284364840734	1.1216533189914335	1.2878400761225337	1.2733284713773627	None	None	None	None
params_2	12	12.793924722000156	0.03133817147121227	12.678189847001704	0.06424819320159224	0.012	1.8488888888888893e-05	12.689189847001703	0.06483913989412482	12.885274767000737	0.06586692703693411	310829.0	0	0.9908019414717825	0.9843352247315073	1.006913403132049	1.0004920524574445	None	None	None	None
params_2	13	19.940300590002153	0.004377907402836286	24.850856690498404	0.0236085876984767	3.802	0.026957344444444472	28.672580244000432	0.048949222806886315	33.075492927002415	0.017231624647781222	15338065.0	0	1.4363117550195241	1.432630824735813	1.6582087746896514	1.6537919744101732	None	None	None	None
params_2	14	2.9083204714988824	0.000832804452767726	2.9567233819998364	0.00011610568740966156	0.0335	4.888888888888897e-07	2.990124546000967	0.00012152518869912491	3.289922922500409	0.00013063042443872214	773116.0	0	1.0274755016646675	1.0202316081662257	1.1306729199425116	1.1232738765453782	None	None	None	None
params_2	17	13.135872429502342	0.0034307052622904	0.617240651999964	0.000563978878415211	0.002	2.2222222222222224e-07	0.6187406519999641	0.0005669015904149875	0.7678311490017222	0.0006395843614450385	60825.0	0	0.04723046051624363	0.0466427192089566	0.05857349149759493	0.058009594204291484	None	None	None	None
params_2	19	0.4553072945000167	0.00015122431145816857	0.4616265465010656	9.575243142604345e-06	0.0	0.0	0.4616265465010656	9.575243142604345e-06	0.5277871234993654	3.325867337920679e-05	1185.0	0	1.013963548688465	0.9960379911009241	1.157278763075199	1.138859868869362	None	None	None	None
params_3	1	54.37367429999904	0.8456640881557047	52.476541567501044	7.514287554706051	2.2104999999999997	0.0013282333333333293	54.65570834050044	7.49340008359373	74.54131280049842	10.20461301262911	59488148.0	0	1.0087849899881385	0.9782035837682084	1.3768890154813282	1.33532792770549	None	None	None	None
params_3	2	4.011168725999596	0.00043363519921048885	0.43176852149917977	0.00013588500141484505	0.0	1.0000000000000001e-07	0.43176852149917977	0.00013731741412549445	0.5053107969997654	0.00014503163319568095	4884.0	0	0.10743706277023848	0.10633457953185209	0.12571450131541295	0.12417610422774074	None	None	None	None
params_3	3	10.773705194500508	0.026956896972566344	10.930886565998662	0.037705897305816576	0.002	0.00011356666666666664	10.933886565998662	0.03675884133554981	11.024001549500099	0.03690537147662088	70.0	0	1.0137540432478367	1.0072267974405122	1.0220565605526604	1.0176589429886431	None	None	None	None
params_3	4	5.160696118000487	0.013173739106034059	5.710515615000986	0.013656354281789733	0.032	0.0003170666666666667	5.7452673989996255	0.010545275990321793	6.179683334499714	0.016066623009378566	1051722.0	0	1.1256085654917536	1.0906311655866348	1.2106323297117907	1.1610732373658486	None	None	None	None
params_3	5	9.304904471500777	0.03619167590517577	9.085065571500309	0.05990668398233266	0.006	1.0000000000000001e-07	9.091065571500309	0.05987177386717706	9.250373919001504	0.06376382478104377	73542.0	0	0.983019162721293	0.9472017470409395	0.9977192338544894	0.9623928829151742	None	None	None	None
params_3	6	9.548980828998538	0.018411566477415934	9.422372744002132	0.015729304135395004	0.0685	0.0002571111111111111	9.493872744002132	0.014292302004510007	9.922419192002053	0.01623797483481591	1143839.0	0	0.991515558477243	0.9866512939859007	1.0378299379877625	1.0303468836696874	None	None	None	None
params_3	7	15.525982813500377	0.05740788117683005	16.134678890999567	0.05767749590971101	0.003	0.00012817777777777777	16.155678890999567	0.057575351904552166	16.26737007150041	0.055723836922352485	57726.0	0	1.0362765922280963	1.0310755398781402	1.042925447040986	1.0399057551070299	None	None	None	None
params_3	8	4.743115519499042	0.022666434291200074	4.688250634500946	0.05054029390854091	0.002	0.0	4.690250634500946	0.05054029390854091	4.782150945502508	0.052641212851677686	24753.0	0	0.9926409755673696	0.9504848024914634	1.017089996045466	0.9722425288129659	None	None	None	None
params_3	9	24.186891271001514	0.018323596031195058	24.66007283649742	0.022556540990207603	0.5734999999999999	0.0006724555555555542	25.226572836497418	0.02104231897556444	26.57188897099695	0.023992832903181757	3264066.0	0	1.0403305797364188	1.038779388326181	1.0970768967122968	1.0945704968340113	None	None	None	None
params_3	10	7.978713639000489	0.03974455571155314	8.546634741500384	0.036087507364116624	0.012	2.677777777777779e-06	8.560634741500383	0.03618762674520594	8.615166061001219	0.035394555819282233	319.0	0	1.077921301464352	1.044602008812417	1.0851891115765344	1.0517956784519389	None	None	None	None
params_3	11	1.5525607265008148	8.049709527505769e-05	1.7274397724995652	0.00025570989563192275	0.031	9.000000000000003e-07	1.758939772499565	0.00025414397523232065	1.9954758519979805	0.0002421312396912636	331568.0	0	1.1345902712368066	1.1315836891389541	1.289478023314253	1.283327477671277	None	None	None	None
params_3	12	12.823639070500576	0.02419065268857473	12.910480353000821	0.07624981590898466	0.012	0.0004418222222222222	12.93510329550138	0.07453769511476095	13.14333218450156	0.07382991738076937	312971.0	0	0.9959292379194741	0.9746977287880262	1.0106554871202058	0.9922329317052243	None	None	None	None
params_3	13	20.79922319399884	0.006632993043324499	25.568255810501796	0.006104697006117379	3.8049999999999997	0.014887066666666648	29.390285566501234	0.034834340968044934	33.78296099699946	0.04759616190230142	15339288.0	0	1.4108228695217857	1.4033338068292556	1.6268443576179836	1.6173568288920133	None	None	None	None
params_3	14	2.934635306999553	0.0015107302580474606	2.974455121999199	0.0011628438222369012	0.033	2.4888888888888877e-06	3.008455121999199	0.001143716082191736	3.3077872229987406	0.0011581415187758713	771883.0	0	1.0213019919759976	1.0122651344659976	1.1230708509953784	1.1119136218157382	None	None	None	None
params_3	17	13.181663197499802	0.0032087928426066258	0.4481274379995739	1.7054654119778857e-05	0.002	1.0000000000000001e-07	0.4501274379995739	1.558315478603929e-05	0.6009279300014896	2.474349632429777e-05	62900.0	0	0.03413205333516767	0.03392811813293631	0.0454722529978501	0.04534328399156598	None	None	None	None
params_3	19	0.45707923749978363	2.1197902983510143e-05	0.46238466699833225	1.8787135791584972e-05	0.0	0.0	0.46238466699833225	1.8787135791584972e-05	0.5308167599978333	4.095854275845522e-05	1188.0	0	1.014240759855228	1.0047493011747506	1.1569101723429327	1.1517086678189665	None	None	None	None
params_4	1	54.18967598850031	0.6554258954235628	52.45852833849858	9.180341773284814	2.215	0.00046089999999999933	54.66902833849858	9.197731401837325	74.44924711699787	14.726478521888044	58925201.0	0	1.0150086423369244	1.0052685686129883	1.379820386778912	1.3724009356556301	None	None	None	None
params_4	2	3.9811687564979366	0.0013466162075554023	0.43078734949813224	7.742879562496641e-05	0.0	1.0000000000000001e-07	0.43078734949813224	7.902073573605643e-05	0.5032346539992432	9.528715256144607e-05	4933.0	0	0.10855331212169309	0.10812125322505681	0.12719182238294124	0.1259672448123033	None	None	None	None
params_4	3	10.835181404499963	0.05220614487655622	10.889679340498333	0.03242690071307441	0.003	0.00028089999999999994	10.912679340498332	0.035719691199698284	11.000200478998522	0.03084470627427894	70.0	0	1.015792709713403	1.0033387958989315	1.024139129494253	1.0118818290897589	None	None	None	None
params_4	4	5.3089278699990246	0.016966693553951737	5.770788638497834	0.04294692720224792	0.027	0.00020365555555555554	5.797788638497834	0.046460438107988694	6.201955003998592	0.037411647850326246	1052484.0	0	1.084579308679259	1.0490815708142158	1.1650046157505762	1.1278559360415867	None	None	None	None
params_4	5	9.331027659998654	0.0553109153150194	9.187616394499855	0.058437615341284985	0.007	0.0003569333333333333	9.194116394499854	0.05709258563823108	9.328783565500999	0.05565245353461775	72985.0	0	0.9883030767514513	0.981517992455439	1.0036702152586365	0.9901921973306773	None	None	None	None
params_4	6	9.57233132950023	0.04329123251317718	9.487680194501081	0.06163254418652077	0.0625	0.00023733333333333332	9.55818019450108	0.06249390888406196	9.985461066500648	0.06564596335133839	1189776.0	0	0.9953805395091624	0.9859793856863133	1.0450980412637596	1.0296325783142233	None	None	None	None
params_4	7	15.374716922500738	0.11463332438510329	16.30259643199861	0.04280212314580078	0.003	8.201111111111111e-05	16.306596431998607	0.04444536705874917	16.432489650998832	0.045696825215691246	58309.0	0	1.0511551489817068	1.026485747517229	1.0590359699618275	1.033819771242622	None	None	None	None
params_4	8	4.7545592919996125	0.019061806647483213	4.627546632000303	0.02806052257051552	0.002	0.0	4.629546632000303	0.02806052257051552	4.744133788000909	0.02856543756095177	24268.0	0	0.97269671899849	0.9589501518449266	0.9935095432297021	0.9840283262609545	None	None	None	None
params_4	9	26.48371758200119	0.25800739200967904	26.96842695599844	0.08180865323951779	0.573	0.0002471555555555546	27.540926955998437	0.08383858914812173	28.880219910997766	0.08987090540444254	3239312.0	0	1.0400360831307807	1.0366659147970363	1.091617640930091	1.0877194114993838	None	None	None	None
params_4	10	7.799664932999804	0.029493177275142002	8.259415957001693	0.039685284148397414	0.011	1.6000000000000001e-06	8.270415957001692	0.03956828103888561	8.3307210665007	0.04050940137704407	313.0	0	1.0616452076181724	1.0327825203502918	1.0693831052273315	1.0410930398414353	None	None	None	None
params_4	11	1.5766267750004772	0.0005503611312627119	1.7577018639985909	0.0003165739395994358	0.03	3.2222222222222195e-07	1.7877018639985909	0.0003182525739547979	2.024404773996139	0.0003931845214443607	330464.0	0	1.1282355858295485	1.1248892589366872	1.2792434877772707	1.2741528628412335	None	None	None	None
params_4	12	12.655110615502053	0.1117760876313906	12.566921050001838	0.03394890508850729	0.012	0.00019867777777777775	12.578421050001838	0.03195164147550838	12.776465377501154	0.036805525421775676	312302.0	0	0.9918371269395327	0.9695096278686512	1.0068600373120207	0.9847887586010242	None	None	None	None
params_4	13	20.440130500497617	0.003910853025851184	25.420498483501433	0.013592420731968445	3.7525	0.00665223333333334	29.162498483501434	0.01977600399872792	33.592691067002306	0.019631965718199723	15337604.0	0	1.4296940294417162	1.4245154103807351	1.6430955018258997	1.6372712022349183	None	None	None	None
params_4	14	2.9405775254999753	0.0007628391182478065	2.9917311144999985	0.001099061995848716	0.035	2.322222222222226e-06	3.0267311144999987	0.0011779940911154957	3.3255233354975644	0.001477951911344114	775032.0	0	1.0273358217474051	1.015785139771242	1.1284691267073128	1.1172811015314605	None	None	None	None
params_4	17	13.276546873999905	0.009843241012519419	0.6351610974961659	0.00019457309781814648	0.002	1.777777777777778e-07	0.6371610974961659	0.00018393650279494811	0.7876540570032375	0.00023189157688767505	62680.0	0	0.04775726688816876	0.047591050561778224	0.05907069800731399	0.05879505505284702	None	None	None	None
params_4	19	0.46622858450064086	2.5769475330081848e-05	0.46944003400494694	0.00019726714207001986	0.0	0.0	0.46944003400494694	0.00019726714207001986	0.5353859075039509	0.00023559878699495784	1177.0	0	1.0143453324650789	0.9960267294342398	1.1586677134496812	1.1346903335427316	None	None	None	None
params_5	1	55.0762190735004	1.2264969930221723	52.42257007799708	6.605918520145291	2.216	0.0016178777777777734	54.67607007799708	6.580833207275781	74.41866384149762	6.699325847669458	59179100.0	0	0.9909454019054103	0.9808058761464605	1.3505749904969975	1.335804615313266	None	None	None	None
params_5	2	4.057010265998542	0.001649121024987839	0.4276520995008468	3.564142152394083e-05	0.0	2.6666666666666667e-07	0.4281520995008468	3.8707868147625566e-05	0.5018297835013072	4.4675973032366e-05	4949.0	0	0.10587766246042501	0.10512901166953688	0.12414022014886861	0.1229080146160523	None	None	None	None
params_5	3	10.918140316502104	0.0416301132577062	10.93949182200231	0.09811304509184501	0.003	8.484444444444445e-05	10.95699182200231	0.09792397959350728	11.048272364500008	0.10023006469599034	70.0	0	1.010009907333791	0.9890680317149554	1.0184142209732476	0.9966160420467907	None	None	None	None
params_5	4	5.374379043500085	0.011023588627448653	5.937379351500567	0.01710210359450496	0.052000000000000005	0.00037400000000000004	5.979879351500568	0.01880125802781158	6.372803578498861	0.016618328198023394	1053010.0	0	1.1031551001250233	1.088155116106039	1.1794805202419858	1.1622576981487196	None	None	None	None
params_5	5	9.385672546002752	0.05797331087148726	9.090269814496423	0.12337976998498576	0.006	0.00017512222222222225	9.096269814496424	0.1282989141697287	9.22270040199146	0.12571525158034763	72257.0	0	0.9890220305595425	0.961068577798568	1.003002224574376	0.9762667710675685	None	None	None	None
params_5	6	9.762270964998606	0.048161473972067735	9.64271082149935	0.041740032588798937	0.056	0.0003240999999999999	9.69571082149935	0.04380487298472635	10.13900955400095	0.04499606720119652	1193179.0	0	0.9896177776762283	0.9753242312683653	1.0351226184999889	1.0242373979168204	None	None	None	None
params_5	7	15.749609970498568	0.020655230992732112	16.512749800000165	0.03328010120452123	0.004	0.00023365555555555554	16.516281973497215	0.03274624729190313	16.64909190149774	0.030677094846102402	59007.0	0	1.046522208345334	1.0403244140257408	1.0550187570398362	1.047839861143483	None	None	None	None
params_5	8	4.73275766500592	0.022096224753953505	4.740316232499026	0.02246989975058889	0.002	1.0000000000000001e-07	4.742316232499026	0.022485612009567682	4.855006000001595	0.02126650841084917	24764.0	0	0.9785207632739654	0.9728633035734245	1.003310850628333	0.9987921142558436	None	None	None	None
params_5	9	26.504300546002924	0.06409390898888315	27.323144100999343	0.06097636807812258	0.569	0.0003887666666666655	27.914160785501387	0.05959409985963396	29.267440732000978	0.05972097287664262	3267112.0	0	1.049508722530693	1.0433458149600257	1.101248508976731	1.0941071692510014	None	None	None	None
params_5	10	8.061480005500925	0.006929939577214415	8.563994837502833	0.026861054922730405	0.012	3.3444444444444445e-06	8.578994837502833	0.026645242578201174	8.636107898506452	0.026903430694461005	318.0	0	1.0709524734567033	1.0593830695950324	1.0781243885813034	1.0656902899866536	None	None	None	None
params_5	11	1.5687647784980072	0.00040920042902803795	1.7608353805007937	0.00021954909959919823	0.03	1.4333333333333325e-06	1.7898353805007936	0.0002358634876003977	2.0330102015032026	0.00025628299272835746	331244.0	0	1.1432221810747731	1.1257093135119738	1.2965652522772069	1.2803157179647608	None	None	None	None
params_5	12	12.98981426050159	0.021673764932702278	12.819679925498349	0.04242169565100038	0.012	0.0003422333333333334	12.855872947500991	0.044248182105498815	13.024873762500647	0.044081183187790036	312440.0	0	0.9952391524845681	0.9735697406832928	1.0086025673242602	0.9906314735972515	None	None	None	None
params_5	13	19.987138656499155	0.042411837339640004	24.841307759503252	0.050841221844555445	3.7625	0.010255788888888888	28.6374639850019	0.03727314716312731	33.03930252250211	0.06625522944368696	15338194.0	0	1.429290652646809	1.424355530535642	1.6485235235114089	1.6459128292537255	None	None	None	None
params_5	14	2.9510974139993777	0.0011353523553689893	2.980738795500656	0.003257206256733299	0.033	6.77777777777779e-07	3.015238795500656	0.003217796527425574	3.316596781001863	0.0035192368859802855	772438.0	0	1.0279752282688568	1.0133621156843908	1.1313136202681098	1.1153463252148503	None	None	None	None
params_5	17	12.654992337502335	0.021572641888446042	0.6276907794999715	0.00019384734283081073	0.0015	2.777777777777778e-07	0.6296907794999715	0.00019316874883195176	0.7802744979999261	0.0002247576602246855	59636.0	0	0.04971834286397328	0.0493340075799964	0.061683296830055176	0.06115307599726113	None	None	None	None
params_5	19	0.46383511450039805	4.183969759239954e-05	0.4684395520016551	4.9190916652476324e-05	0.0	1.0000000000000001e-07	0.4689395520016551	4.932707078577636e-05	0.535632530998555	3.6909399198840944e-05	1170.0	0	1.0095445747481806	1.0030211806492961	1.1534854012292444	1.147640148974348	None	None	None	None